{
	"format_version": "1.8.0",
	"animations": {
		"idle": {
			"loop": true,
			"bones": {
				"body2": {
					"rotation": {
						"vector": [5, 10, 0]
					}
				},
				"head": {
					"rotation": {
						"vector": [-12.5, -20, 0]
					}
				},
				"body3": {
					"rotation": {
						"vector": [4.9804, 14.98092, -0.4403]
					}
				},
				"body4": {
					"rotation": {
						"vector": [4.83049, 27.32064, -2.44052]
					}
				},
				"body5": {
					"rotation": {
						"vector": [1.84015, 5.23257, 0.78405]
					}
				},
				"body6": {
					"rotation": {
						"vector": [3.94941, 10.38453, 1.65391]
					}
				},
				"body8": {
					"rotation": {
						"vector": [1.80992, 8.48936, 2.56425]
					}
				},
				"body9": {
					"rotation": {
						"vector": [1.86122, 14.88716, 5.81247]
					}
				},
				"tail": {
					"rotation": {
						"vector": [-0.81542, 10.52083, 6.62482]
					}
				},
				"body7": {
					"rotation": {
						"vector": [1.6918, 11.75933, -3.72459]
					}
				}
			}
		}
	},
	"geckolib_format_version": 2
}