{
	"format_version": "1.8.0",
	"animations": {
		"idle": {
			"loop": true,
			"bones": {
				"body": {
					"rotation": {
						"vector": [28.06681, -11.06861, -5.84485]
					}
				},
				"body2": {
					"rotation": {
						"vector": [8.80976, 15.97394, 13.18739]
					}
				},
				"body3": {
					"rotation": {
						"vector": [4.62934, 24.59477, 11.00966]
					}
				},
				"body4": {
					"rotation": {
						"vector": [-2.74696, 25.89605, 11.0333]
					}
				},
				"body5": {
					"rotation": {
						"vector": [-12.5, 30, 0]
					}
				},
				"body6": {
					"rotation": {
						"vector": [0, 32.5, 0]
					}
				},
				"fin2": {
					"rotation": {
						"vector": [-55.41141, 18.82943, 12.54707]
					}
				},
				"body7": {
					"rotation": {
						"vector": [8.29012, 39.27345, 12.96248]
					}
				},
				"body8": {
					"rotation": {
						"vector": [11.34618, 41.01171, 19.88084]
					}
				},
				"body9": {
					"rotation": {
						"vector": [0, 35, 0]
					}
				},
				"body10": {
					"rotation": {
						"vector": [-15, 32.5, 0]
					}
				},
				"body11": {
					"rotation": {
						"vector": [-7.17049, 10.35868, 5.8112]
					}
				},
				"body12": {
					"rotation": {
						"vector": [0, -37.5, 0]
					}
				},
				"tail": {
					"rotation": {
						"vector": [0, -17.5, 0]
					}
				},
				"head": {
					"rotation": {
						"vector": [12.60443, -7.32123, -1.63219]
					}
				},
				"jaw": {
					"rotation": {
						"vector": [2.5, 0, 0]
					}
				},
				"fin": {
					"rotation": {
						"vector": [-60.34902, -31.3213, -16.48457]
					}
				},
				"fin3": {
					"rotation": {
						"vector": [-56.59341, -12.60837, -8.19252]
					}
				},
				"fin4": {
					"rotation": {
						"vector": [-58.67023, 35.63104, 19.52546]
					}
				}
			}
		}
	},
	"geckolib_format_version": 2
}