{
	"format_version": "1.8.0",
	"animations": {
		"idle": {
			"loop": true,
			"bones": {
				"body": {
					"rotation": {
						"vector": [-2.70379, -23.01847, -1.40639]
					}
				},
				"arm": {
					"rotation": {
						"vector": [-12.57301, -30.56229, 37.06876]
					}
				},
				"lowerarm": {
					"rotation": {
						"vector": [-110.01027, -50.76404, 105.75215]
					}
				},
				"hand": {
					"rotation": {
						"vector": [11.71349, -27.72946, 1.53309]
					}
				},
				"arm2": {
					"rotation": {
						"vector": [2.78033, 44.72474, -48.62675]
					}
				},
				"lowerarm2": {
					"rotation": {
						"vector": [-135.30847, 51.25788, -122.27288]
					}
				},
				"hand2": {
					"rotation": {
						"vector": [0, 17.5, 0]
					}
				},
				"danglie2": {
					"rotation": {
						"vector": [11.57518, 4.75113, -22.01817]
					}
				},
				"danglie": {
					"rotation": {
						"vector": [11.57518, -4.75113, 22.01816]
					}
				},
				"flute": {
					"rotation": {
						"vector": [104.8559, -2.70383, 6.63064]
					},
					"position": {
						"vector": [-2.34984, 0.17699, -2.8464]
					}
				}
			}
		}
	},
	"geckolib_format_version": 2
}