{
	"format_version": "1.8.0",
	"animations": {
		"idle": {
			"loop": true,
			"bones": {
				"body": {
					"rotation": {
						"vector": [-2.5, 0, 0]
					}
				},
				"head": {
					"rotation": {
						"vector": [12.68664, 9.76061, 2.18558]
					}
				},
				"body2": {
					"rotation": {
						"vector": [-5.019, -4.98093, 0.43688]
					}
				},
				"body3": {
					"rotation": {
						"vector": [5.00474, -2.49048, -0.21803]
					}
				},
				"body4": {
					"rotation": {
						"vector": [2.50238, -2.49762, -0.10912]
					}
				},
				"body5": {
					"rotation": {
						"vector": [2.50954, -4.99523, -0.21865]
					}
				},
				"body6": {
					"rotation": {
						"vector": [2.50238, 2.49762, 0.10912]
					}
				},
				"body7": {
					"rotation": {
						"vector": [5.019, 4.98093, 0.43688]
					}
				},
				"body8": {
					"rotation": {
						"vector": [10.03742, 4.92385, 0.87038]
					}
				},
				"body9": {
					"rotation": {
						"vector": [12.60443, 7.32123, 1.63219]
					}
				},
				"body10": {
					"rotation": {
						"vector": [15.0547, 4.82922, 1.29717]
					}
				},
				"body11": {
					"rotation": {
						"vector": [17.64168, 7.15102, 2.26708]
					}
				}
			}
		}
	},
	"geckolib_format_version": 2
}