{
	"format_version": "1.8.0",
	"animations": {
		"idle": {
			"loop": true,
			"bones": {
				"body": {
					"rotation": {
						"vector": [-7.5, 0, 0]
					},
					"position": {
						"vector": [0, 42, 0]
					}
				},
				"head": {
					"rotation": {
						"vector": [35.06928, -34.22348, -16.36452]
					}
				},
				"mandible": {
					"rotation": {
						"vector": [53.27483, 59.80983, 57.18342]
					}
				},
				"body2": {
					"rotation": {
						"vector": [-27.25663, -6.82264, -7.74092]
					}
				},
				"body3": {
					"rotation": {
						"vector": [-59.61874, -8.64917, -5.03837]
					}
				},
				"body4": {
					"rotation": {
						"vector": [-36.83829, -7.57131, -9.97528]
					}
				},
				"body5": {
					"rotation": {
						"vector": [-17.35932, -2.24944, -7.15656]
					}
				},
				"body6": {
					"rotation": {
						"vector": [31.88034, -6.6782, 10.59061]
					}
				},
				"body7": {
					"rotation": {
						"vector": [64.81092, 6.79382, -3.18458]
					}
				},
				"body8": {
					"rotation": {
						"vector": [44.56145, 7.05302, -7.10708]
					}
				},
				"body9": {
					"rotation": {
						"vector": [35, 0, 0]
					}
				},
				"tail": {
					"rotation": {
						"vector": [20, 0, 0]
					}
				},
				"mandible2": {
					"rotation": {
						"vector": [49.26408, -58.39167, -53.74127]
					}
				}
			}
		}
	},
	"geckolib_format_version": 2
}