{
	"format_version": "1.8.0",
	"animations": {
		"idle": {
			"loop": true,
			"bones": {
				"lower_body": {
					"rotation": {
						"vector": [12.5, 0, 0]
					}
				},
				"upper_body": {
					"rotation": {
						"vector": [32.5, 0, 0]
					}
				},
				"arm": {
					"rotation": {
						"vector": [-65, 0, -37.5]
					}
				},
				"lowerarm": {
					"rotation": {
						"vector": [-50.26365, -2.78472, 38.20402]
					}
				},
				"head": {
					"rotation": {
						"vector": [-37.15846, -18.26883, 13.36473]
					}
				},
				"leg": {
					"rotation": {
						"vector": [-27.5, 0, 0]
					}
				},
				"leg2": {
					"rotation": {
						"vector": [-47.75318, -17.04679, -14.9092]
					}
				},
				"leg3": {
					"rotation": {
						"vector": [-25.25766, -11.2531, -22.47096]
					}
				},
				"leg4": {
					"rotation": {
						"vector": [20.46341, 6.06809, -37.07723]
					}
				},
				"leg5": {
					"rotation": {
						"vector": [10.86531, 13.80192, -51.18107]
					}
				},
				"leg6": {
					"rotation": {
						"vector": [10.72858, 10.54529, -44.00703]
					}
				},
				"leg7": {
					"rotation": {
						"vector": [53.46295, 15.58394, -28.88636]
					}
				},
				"leg8": {
					"rotation": {
						"vector": [42.5, 0, 0]
					}
				},
				"leg9": {
					"rotation": {
						"vector": [11.19272, -64.748, 0.06676]
					}
				},
				"arm2": {
					"rotation": {
						"vector": [0, 0, 67.5]
					}
				},
				"lowerarm2": {
					"rotation": {
						"vector": [-94.30963, -29.7174, -81.35612]
					}
				},
				"sword": {
					"rotation": {
						"vector": [-91.7511, -17.38772, 42.18626]
					}
				}
			}
		}
	},
	"geckolib_format_version": 2
}